{"cameraMode":{"drawMode":0,"name":"Shaded","section":"Shading Mode"},"sceneLighting":false,"audioPlay":false,"sceneViewState":{"showFog":true,"showMaterialUpdate":false,"showSkybox":false,"showFlares":true,"showImageEffects":true,"showParticleSystems":true,"showVisualEffectGraphs":true,"m_FxEnabled":true},"in2DMode":false,"pivot":{"x":1.8865070343017579,"y":0.10245943069458008,"z":-1.5556440353393555},"rotation":{"x":-0.5068711638450623,"y":-0.32932716608047488,"z":0.21784017980098725,"w":-0.7662758827209473},"size":2.4166250228881838,"orthographic":false}